metric,n_with,n_without,u_stat,p_value,rank_biserial,cliffs_delta,cliffs_interpretation,mean_diff_with_minus_without,ci95_low,ci95_high,alternative,note
total_time_seconds,30,30,234.5,0.0014782668984889143,0.4788888888888889,-0.47888888888888886,grande,-69.20000000000005,-104.69999999999999,-32.1633333333334,two-sided,
recoveries,30,30,74.0,2.7597869323049523e-08,0.8355555555555556,-0.8355555555555556,grande,-62.83333333333333,-86.96666666666667,-41.66666666666667,two-sided,
aborts,30,30,57.0,3.0395149444921293e-09,0.8733333333333333,-0.8733333333333333,grande,-2.8333333333333335,-3.766666666666667,-1.9666666666666666,two-sided,
