{
  "artworks": {
    "quadro_1": {
      "x": -0.2621898651123047,
      "y": -1.8398923873901367,
      "z": 0.00084686279296875
    }
  }
}