{
  "version": 1,
  "boards": {
    "inizio": {
      "poi":    { "x":  0.07168197631835938, "y":  0.02518749237060547, "z": 1.0983161926269531 },
      "offset": { "x":  0.0, "y":  0.0, "yaw":  0.0 }
    }
  }
}