{
  "artworks": {
    "inizio": {
      "x": 3.0,
      "y": -0.3,
      "z": 1.5
    },
    "quadro_principale": {
      "x": 1.058006763458252,
      "y": -3.000047445297241,
      "z": 1.5045375823974609375  
    },
    "scultura_est": {
      "x": 4.0,
      "y": 5.0,
      "z": 8.0
    },
    "dipinto_ovest": {
      "x": 7.0,
      "y": 7.0,
      "z": 4.0
    }
  }
}
